id,name,model_id:id,group_id:id,perm_read,perm_write,perm_create,perm_unlink
access_real_estate_partner_user,real.estate.partner.user,model_real_estate_partner,group_real_estate_user,1,1,1,0
access_real_estate_partner_manager,real.estate.partner.manager,model_real_estate_partner,group_real_estate_manager,1,1,1,1
access_real_estate_property_user,real.estate.property.user,model_real_estate_property,group_real_estate_user,1,1,1,0
access_real_estate_property_manager,real.estate.property.manager,model_real_estate_property,group_real_estate_manager,1,1,1,1
access_real_estate_property_investment_user,real.estate.property.investment.user,model_real_estate_property_investment,group_real_estate_user,1,1,1,0
access_real_estate_property_investment_manager,real.estate.property.investment.manager,model_real_estate_property_investment,group_real_estate_manager,1,1,1,1
access_real_estate_expense_user,real.estate.expense.user,model_real_estate_expense,group_real_estate_user,1,1,1,0
access_real_estate_expense_manager,real.estate.expense.manager,model_real_estate_expense,group_real_estate_manager,1,1,1,1
access_real_estate_expense_category_user,real.estate.expense.category.user,model_real_estate_expense_category,group_real_estate_user,1,1,1,0
access_real_estate_expense_category_manager,real.estate.expense.category.manager,model_real_estate_expense_category,group_real_estate_manager,1,1,1,1
access_real_estate_expense_distribution_user,real.estate.expense.distribution.user,model_real_estate_expense_distribution,group_real_estate_user,1,1,1,0
access_real_estate_expense_distribution_manager,real.estate.expense.distribution.manager,model_real_estate_expense_distribution,group_real_estate_manager,1,1,1,1
access_real_estate_transaction_user,real.estate.transaction.user,model_real_estate_transaction,group_real_estate_user,1,1,1,0
access_real_estate_transaction_manager,real.estate.transaction.manager,model_real_estate_transaction,group_real_estate_manager,1,1,1,1
access_real_estate_property_sale_user,real.estate.property.sale.user,model_real_estate_property_sale,group_real_estate_user,1,1,1,0
access_real_estate_property_sale_manager,real.estate.property.sale.manager,model_real_estate_property_sale,group_real_estate_manager,1,1,1,1
access_real_estate_property_sale_line_user,real.estate.property.sale.line.user,model_real_estate_property_sale_line,group_real_estate_user,1,1,1,0
access_real_estate_property_sale_line_manager,real.estate.property.sale.line.manager,model_real_estate_property_sale_line,group_real_estate_manager,1,1,1,1
access_real_estate_city_user,real.estate.city.user,model_real_estate_city,group_real_estate_user,1,1,1,0
access_real_estate_city_manager,real.estate.city.manager,model_real_estate_city,group_real_estate_manager,1,1,1,1
access_real_estate_state_user,real.estate.state.user,model_real_estate_state,group_real_estate_user,1,1,1,0
access_real_estate_state_manager,real.estate.state.manager,model_real_estate_state,group_real_estate_manager,1,1,1,1
access_real_estate_investment_payment_user,real.estate.investment.payment.user,model_real_estate_investment_payment,group_real_estate_user,1,1,1,0
access_real_estate_investment_payment_manager,real.estate.investment.payment.manager,model_real_estate_investment_payment,group_real_estate_manager,1,1,1,1
access_real_estate_contact_user,real.estate.contact.user,model_real_estate_contact,group_real_estate_user,1,1,1,0
access_real_estate_contact_manager,real.estate.contact.manager,model_real_estate_contact,group_real_estate_manager,1,1,1,1
access_real_estate_partner_exit_user,real.estate.partner.exit.user,model_real_estate_partner_exit,group_real_estate_user,1,1,1,0
access_real_estate_partner_exit_manager,real.estate.partner.exit.manager,model_real_estate_partner_exit,group_real_estate_manager,1,1,1,1
access_real_estate_partner_exit_lines_user,real.estate.partner.exit.lines.user,model_real_estate_partner_exit_lines,group_real_estate_user,1,1,1,0
access_real_estate_partner_exit_lines_manager,real.estate.partner.exit.lines.manager,model_real_estate_partner_exit_lines,group_real_estate_manager,1,1,1,1
access_real_estate_partner_exit_exiting_user,real.estate.partner.exit.exiting.user,model_real_estate_partner_exit_exiting,group_real_estate_user,1,1,1,0
access_real_estate_partner_exit_exiting_manager,real.estate.partner.exit.exiting.manager,model_real_estate_partner_exit_exiting,group_real_estate_manager,1,1,1,1
access_real_estate_partner_exit_replacement_user,real.estate.partner.exit.replacement.user,model_real_estate_partner_exit_replacement,group_real_estate_user,1,1,1,0
access_real_estate_partner_exit_replacement_manager,real.estate.partner.exit.replacement.manager,model_real_estate_partner_exit_replacement,group_real_estate_manager,1,1,1,1
access_real_estate_daily_cashbox_user,real.estate.daily.cashbox.user,model_real_estate_daily_cashbox,group_real_estate_user,1,0,0,0
access_real_estate_daily_cashbox_manager,real.estate.daily.cashbox.manager,model_real_estate_daily_cashbox,group_real_estate_manager,1,1,1,1
access_real_estate_daily_cashbox_transaction_user,real.estate.daily.cashbox.transaction.user,model_real_estate_daily_cashbox_transaction,group_real_estate_user,1,0,0,0
access_real_estate_daily_cashbox_transaction_manager,real.estate.daily.cashbox.transaction.manager,model_real_estate_daily_cashbox_transaction,group_real_estate_manager,1,1,1,1
access_res_company_manager,res.company.manager,base.model_res_company,group_real_estate_manager,1,1,0,0
access_real_estate_payment_installment_user,real.estate.payment.installment.user,model_real_estate_payment_installment,group_real_estate_user,1,1,1,0
access_real_estate_payment_installment_manager,real.estate.payment.installment.manager,model_real_estate_payment_installment,group_real_estate_manager,1,1,1,1
access_payment_filter_wizard_user,payment.filter.wizard.user,model_payment_filter_wizard,group_real_estate_user,1,1,1,0
access_payment_filter_wizard_manager,payment.filter.wizard.manager,model_payment_filter_wizard,group_real_estate_manager,1,1,1,1
access_purchase_payment_receipts_wizard_user,purchase.payment.receipts.wizard.user,model_purchase_payment_receipts_wizard,group_real_estate_user,1,1,1,0
access_purchase_payment_receipts_wizard_manager,purchase.payment.receipts.wizard.manager,model_purchase_payment_receipts_wizard,group_real_estate_manager,1,1,1,1


access_partner_unified_ledger_wizard_user,partner.unified.ledger.wizard.user,model_partner_unified_ledger,group_real_estate_user,1,1,1,0
access_partner_unified_ledger_wizard_manager,partner.unified.ledger.wizard.manager,model_partner_unified_ledger,group_real_estate_manager,1,1,1,1

access_partner_unified_ledger_line_wizard_user,partner.unified.ledger.line.wizard.user,model_partner_unified_ledger_line,group_real_estate_user,1,1,1,0
access_partner_unified_ledger_line_wizard_manager,partner.unified.ledger.line.wizard.manager,model_partner_unified_ledger_line,group_real_estate_manager,1,1,1,1
access_real_estate_management_fee_summary_user,real.estate.management.fee.summary.user,model_real_estate_management_fee_summary,group_real_estate_user,1,0,0,0
access_real_estate_management_fee_summary_manager,real.estate.management.fee.summary.manager,model_real_estate_management_fee_summary,group_real_estate_manager,1,1,1,1
access_company_financial_summary_user,company.financial.summary.user,model_company_financial_summary,group_real_estate_user,1,0,0,0
access_company_financial_summary_manager,company.financial.summary.manager,model_company_financial_summary,group_real_estate_manager,1,1,1,1
